YEAR_MONTH,DAY_TYPE,TIME_PER_HOUR,PT_TYPE,ORIGIN_PT_CODE,DESTINATION_PT_CODE,TOTAL_TRIPS
2026-08,WEEKENDS/HOLIDAY,8,BUS,46219,46109,14175
2026-08,WEEKDAY,21,BUS,46219,46109,16410
2026-08,WEEKDAY,18,BUS,46219,46109,14790
2026-08,WEEKENDS/HOLIDAY,20,BUS,46219,46109,13346
2026-08,WEEKDAY,5,BUS,46219,46109,24265
2026-08,WEEKDAY,16,BUS,46219,46109,14407
2026-08,WEEKENDS/HOLIDAY,12,BUS,46219,46109,12116
2026-08,WEEKENDS/HOLIDAY,16,BUS,46219,46109,9255
2026-08,WEEKDAY,12,BUS,46219,46109,15957
2026-08,WEEKDAY,8,BUS,46219,46109,24512
2026-08,WEEKENDS/HOLIDAY,5,BUS,46219,46109,4137
2026-08,WEEKDAY,19,BUS,46219,46109,14382
2026-08,WEEKDAY,6,BUS,46219,46109,32368
2026-08,WEEKENDS/HOLIDAY,18,BUS,46219,46109,15445
2026-08,WEEKENDS/HOLIDAY,13,BUS,46219,46109,12918
2026-08,WEEKDAY,9,BUS,46219,46109,20380
2026-08,WEEKENDS/HOLIDAY,17,BUS,46219,46109,12775
2026-08,WEEKENDS/HOLIDAY,1,BUS,46219,46109,155
2026-08,WEEKENDS/HOLIDAY,10,BUS,46219,46109,9936
2026-08,WEEKENDS/HOLIDAY,21,BUS,46219,46109,15351
2026-08,WEEKENDS/HOLIDAY,0,BUS,46219,46109,2543
2026-08,WEEKDAY,4,BUS,46219,46109,3007
2026-08,WEEKENDS/HOLIDAY,15,BUS,46219,46109,12739
2026-08,WEEKENDS/HOLIDAY,14,BUS,46219,46109,12695
2026-08,WEEKDAY,7,BUS,46219,46109,25800
2026-08,WEEKDAY,17,BUS,46219,46109,21011
2026-08,WEEKDAY,13,BUS,46219,46109,16338
2026-08,WEEKENDS/HOLIDAY,22,BUS,46219,46109,14621
2026-08,WEEKDAY,15,BUS,46219,46109,13913
2026-08,WEEKDAY,14,BUS,46219,46109,14358
2026-08,WEEKENDS/HOLIDAY,11,BUS,46219,46109,10293
2026-08,WEEKDAY,11,BUS,46219,46109,14527
2026-08,WEEKENDS/HOLIDAY,6,BUS,46219,46109,10124
2026-08,WEEKENDS/HOLIDAY,23,BUS,46219,46109,10728
2026-08,WEEKENDS/HOLIDAY,19,BUS,46219,46109,10002
2026-08,WEEKENDS/HOLIDAY,4,BUS,46219,46109,42
2026-08,WEEKDAY,0,BUS,46219,46109,1273
2026-08,WEEKENDS/HOLIDAY,7,BUS,46219,46109,11064
2026-08,WEEKDAY,1,BUS,46219,46109,57
2026-08,WEEKDAY,10,BUS,46219,46109,16151
2026-08,WEEKENDS/HOLIDAY,9,BUS,46219,46109,13226
2026-08,WEEKDAY,22,BUS,46219,46109,11579
2026-08,WEEKDAY,20,BUS,46219,46109,13644
2026-08,WEEKDAY,23,BUS,46219,46109,4780
